,0,1,2,3,4,5,6,7,8
3325,0.0,1.0,1.0,0.0,0.0,1.0,-1.0,1.0,-1.0
3290,-1.0,1.0,0.8947368421052632,0.0,1.0,0.875,0.4166666666666667,0.75,1.0
3159,1.0,1.0,0.4,-1.0,1.0,1.0,-0.6666666666666666,0.9215686274509803,-1.0
3528,-0.14285714285714285,1.0,0.75,1.0,1.0,0.76,0.3333333333333333,0.8620689655172413,0.9661016949152542
1057,0.0,1.0,0.6595744680851063,-1.0,1.0,1.0,-0.5,0.6923076923076923,0.0
1059,1.0,1.0,0.1111111111111111,1.0,1.0,1.0,-0.3333333333333333,1.0,0.0
3402,-0.5384615384615384,1.0,0.803921568627451,1.0,1.0,0.8571428571428571,0.3333333333333333,0.7894736842105263,-0.6
1836,0.0,0.8518518518518519,0.7857142857142857,0.0,1.0,1.0,-0.25,0.9166666666666666,0.5
1895,0.0,1.0,0.3333333333333333,-1.0,0.0,1.0,0.0,0.7142857142857143,0.0
400,0.0,1.0,0.0,-1.0,1.0,0.5,0.14285714285714285,0.8571428571428571,1.0
3365,0.0,0.9661016949152542,0.7,0.0,0.5555555555555556,0.9130434782608695,-0.5294117647058824,0.9166666666666666,0.42857142857142855
3305,0.07692307692307693,1.0,0.6842105263157895,0.0,1.0,1.0,0.4222222222222222,0.9279279279279279,0.5555555555555556
3442,-0.14285714285714285,0.8461538461538461,0.7777777777777778,-0.5,1.0,0.7647058823529411,-0.42857142857142855,0.8809523809523809,1.0
2197,-0.2,0.9523809523809523,0.8181818181818182,0.0,1.0,0.8666666666666667,0.19230769230769232,0.8309859154929577,0.75
183,-1.0,1.0,-0.17647058823529413,-1.0,1.0,0.7142857142857143,-1.0,0.5789473684210527,-1.0
169,0.0,1.0,0.7560975609756098,-1.0,1.0,0.3333333333333333,-0.7142857142857143,0.8181818181818182,0.3333333333333333
3144,-0.3333333333333333,0.7894736842105263,0.5135135135135135,1.0,1.0,1.0,0.42857142857142855,0.9130434782608695,-1.0
3583,-0.14285714285714285,1.0,0.6624203821656051,0.5,1.0,0.8974358974358975,0.1864406779661017,0.8823529411764706,0.8064516129032258
124,-1.0,1.0,-1.0,-1.0,1.0,0.6,-0.42857142857142855,0.4,1.0
2208,0.0,1.0,0.6666666666666666,1.0,0.0,0.0,-0.7142857142857143,0.8,0.0
3030,-0.16666666666666666,1.0,0.5384615384615384,0.0,0.0,0.8222222222222222,-0.6170212765957447,0.6666666666666666,0.5384615384615384
617,-0.375,0.5,0.0,-1.0,1.0,0.6,-0.8823529411764706,0.38461538461538464,0.0
516,-1.0,1.0,0.14285714285714285,0.0,1.0,0.6,0.5,0.6,-1.0
514,-1.0,0.7142857142857143,0.0,-1.0,1.0,1.0,1.0,0.8,0.0
3132,0.0,1.0,-1.0,0.0,1.0,1.0,1.0,0.5,1.0
517,0.0,1.0,0.0,0.0,0.0,1.0,0.5,1.0,0.0
185,-0.3333333333333333,1.0,0.6875,-1.0,1.0,1.0,-1.0,0.8095238095238095,1.0
1796,0.0,1.0,0.6363636363636364,1.0,0.0,0.75,-0.5,0.7391304347826086,0.5
184,-1.0,1.0,0.23809523809523808,-1.0,1.0,0.5,1.0,0.92,0.0
171,1.0,1.0,0.5,-1.0,0.0,0.6666666666666666,-1.0,0.8666666666666667,1.0
3401,0.14285714285714285,1.0,0.6689655172413793,0.3333333333333333,1.0,1.0,0.09090909090909091,0.9166666666666666,0.6
1845,0.0,1.0,0.09090909090909091,0.0,1.0,1.0,-0.7777777777777778,0.6666666666666666,0.0
3140,0.0,1.0,0.6,0.0,1.0,1.0,-1.0,1.0,0.0
3385,-0.5,1.0,0.4444444444444444,-1.0,1.0,0.8461538461538461,-0.7,0.7647058823529411,1.0
3446,0.0,1.0,0.17857142857142858,-1.0,1.0,1.0,-1.0,0.8888888888888888,0.75
3585,1.0,0.967741935483871,0.9285714285714286,0.0,1.0,0.9393939393939394,-0.1111111111111111,0.8333333333333334,0.8333333333333334
356,-0.8333333333333334,0.7777777777777778,0.42857142857142855,-1.0,1.0,1.0,0.875,0.7647058823529411,-1.0
357,-1.0,1.0,0.75,0.0,1.0,1.0,0.92,0.6923076923076923,0.0
172,-1.0,1.0,1.0,1.0,0.0,1.0,0.0,1.0,-1.0
3522,1.0,1.0,0.45454545454545453,0.0,1.0,0.7714285714285715,0.5,0.8082191780821918,0.0
3372,-0.8125,1.0,0.25,-1.0,1.0,1.0,0.0,0.7894736842105263,1.0
3328,0.0,1.0,0.5,0.0,1.0,0.6,0.0,0.8571428571428571,0.0
2187,0.0,1.0,0.2727272727272727,-1.0,1.0,0.0,-0.6842105263157895,0.45454545454545453,-1.0
1847,-1.0,1.0,0.5833333333333334,0.0,1.0,0.8947368421052632,-0.5555555555555556,0.2,0.0
143,-1.0,0.9,0.8297872340425532,0.0,1.0,1.0,-0.5,0.875,1.0
3458,-0.3333333333333333,0.8620689655172413,0.6666666666666666,-0.6,1.0,0.9183673469387755,0.14285714285714285,0.9117647058823529,0.6
67,0.0,1.0,0.0,0.3333333333333333,1.0,0.5789473684210527,-0.16666666666666666,1.0,0.0
81,0.0,0.0,-0.3333333333333333,-1.0,0.0,0.0,-0.5,1.0,-1.0
3252,1.0,1.0,-0.3333333333333333,-1.0,1.0,0.3333333333333333,-1.0,0.7647058823529411,0.0
3313,-0.3333333333333333,1.0,0.8666666666666667,1.0,1.0,1.0,0.49019607843137253,0.8787878787878788,1.0
3361,-1.0,1.0,0.7142857142857143,-1.0,1.0,1.0,-0.2,0.9285714285714286,0.0
3437,1.0,1.0,0.75,0.0,0.6363636363636364,0.8709677419354839,-0.3103448275862069,0.9433962264150944,0.0
3289,0.14285714285714285,1.0,0.7009345794392523,-0.5,1.0,0.7692307692307693,0.0,0.8095238095238095,0.6666666666666666
3593,-1.0,1.0,0.4117647058823529,-1.0,1.0,0.8947368421052632,0.05263157894736842,0.7431192660550459,-1.0
150,1.0,1.0,0.7241379310344828,-1.0,1.0,1.0,0.2,0.8,0.0
154,0.0,1.0,0.23076923076923078,0.0,0.0,1.0,-1.0,0.875,0.0
1772,0.2,1.0,0.7058823529411765,-0.5,1.0,0.8333333333333334,0.2777777777777778,0.9259259259259259,1.0
394,0.0,1.0,0.6923076923076923,0.0,1.0,1.0,0.23076923076923078,1.0,0.0
395,-1.0,1.0,0.23076923076923078,-1.0,0.0,0.6,0.0,1.0,1.0
3075,-1.0,1.0,0.4444444444444444,0.0,1.0,1.0,-1.0,0.75,1.0
3178,-1.0,1.0,0.6363636363636364,-1.0,1.0,0.7692307692307693,-0.7142857142857143,0.7777777777777778,1.0
3362,-0.3333333333333333,0.0,0.0,-0.6,0.6,0.0,-0.14285714285714285,0.8378378378378378,1.0
3125,1.0,1.0,0.7647058823529411,0.0,0.7777777777777778,0.8181818181818182,-1.0,0.8260869565217391,-1.0
3124,-1.0,1.0,-0.2,-1.0,1.0,1.0,-0.42857142857142855,0.7777777777777778,0.0
3330,0.0,1.0,0.5,0.0,1.0,1.0,0.4,0.6774193548387096,0.0
1738,-0.3333333333333333,0.8787878787878788,0.7037037037037037,-0.3333333333333333,1.0,1.0,-0.3953488372093023,0.9245283018867925,0.2
3079,0.5,1.0,0.8181818181818182,-0.5,1.0,0.7142857142857143,-0.5714285714285714,0.9272727272727272,0.8
1737,-0.2,1.0,0.5384615384615384,1.0,0.7777777777777778,1.0,-0.13043478260869565,0.8857142857142857,0.5
1909,-1.0,1.0,0.4838709677419355,0.0,1.0,1.0,0.0,0.5384615384615384,1.0
2057,-1.0,0.7777777777777778,0.3333333333333333,0.0,0.3333333333333333,0.0,-1.0,0.75,1.0
3308,-1.0,1.0,0.75,0.0,1.0,0.0,-1.0,0.7272727272727273,0.0
3341,0.0,1.0,0.5555555555555556,0.0,1.0,0.0,-1.0,1.0,0.0
1835,0.0,1.0,0.0,-1.0,1.0,1.0,-1.0,0.7142857142857143,0.0
3118,-1.0,0.3333333333333333,0.3333333333333333,-1.0,1.0,1.0,-0.058823529411764705,0.8823529411764706,0.25
3139,-1.0,1.0,0.6666666666666666,-1.0,1.0,1.0,-0.4117647058823529,0.8461538461538461,0.0
3081,-1.0,1.0,0.42857142857142855,1.0,1.0,1.0,-0.6666666666666666,0.8823529411764706,1.0
3016,0.0,1.0,0.3333333333333333,-1.0,1.0,1.0,-0.42857142857142855,1.0,1.0
3006,-1.0,0.0,-0.3333333333333333,-1.0,0.0,0.0,-0.3333333333333333,0.5,-1.0
3005,-1.0,1.0,0.38461538461538464,1.0,1.0,0.0,-0.5,0.45454545454545453,1.0
3467,-0.38461538461538464,1.0,0.6790123456790124,-1.0,1.0,0.8333333333333334,0.46534653465346537,0.7846153846153846,0.42857142857142855
3627,-0.6,1.0,0.7241379310344828,-0.5,0.0,0.9428571428571428,-0.23076923076923078,0.7543859649122807,0.3333333333333333
3020,-0.5,0.8333333333333334,0.8181818181818182,0.0,0.7142857142857143,0.7142857142857143,0.5384615384615384,0.5862068965517241,1.0
3521,0.0,1.0,0.5172413793103449,0.0,1.0,1.0,-0.14285714285714285,0.8529411764705882,0.25
3641,0.3333333333333333,1.0,0.5794871794871795,0.0,1.0,0.9591836734693877,-0.2631578947368421,0.6049382716049383,1.0
2976,-0.6,1.0,0.625,-1.0,1.0,1.0,-0.6666666666666666,0.8333333333333334,1.0
3115,-0.3333333333333333,1.0,0.5555555555555556,-1.0,0.7142857142857143,0.6666666666666666,-0.2,0.726027397260274,0.6
3505,0.5,1.0,0.8181818181818182,-0.3333333333333333,0.0,1.0,-0.4,0.7241379310344828,0.2
3337,-0.3333333333333333,0.9259259259259259,0.8378378378378378,-1.0,0.6,0.8,-0.13043478260869565,0.6363636363636364,1.0
3486,0.0,1.0,1.0,0.0,0.0,1.0,-0.3333333333333333,1.0,0.0
1000,0.0,1.0,0.0,0.0,0.0,0.0,1.0,0.45454545454545453,0.0
997,0.0,1.0,0.0,-1.0,1.0,0.0,-1.0,1.0,1.0
3587,-0.14285714285714285,1.0,0.7894736842105263,-1.0,1.0,0.8333333333333334,-0.1076923076923077,0.8095238095238095,0.5
3597,-0.29411764705882354,1.0,0.5862068965517241,-1.0,1.0,0.8571428571428571,-0.07692307692307693,0.9090909090909091,-0.3333333333333333
3367,0.0,1.0,0.75,-1.0,1.0,1.0,0.5,0.3684210526315789,0.0
3498,-0.14285714285714285,1.0,0.7473684210526316,-0.3333333333333333,1.0,0.9512195121951219,0.45454545454545453,0.4794520547945205,0.6
3309,-1.0,1.0,0.7894736842105263,0.0,1.0,1.0,0.42857142857142855,1.0,1.0
2210,-1.0,1.0,0.3333333333333333,-1.0,1.0,0.9047619047619048,-1.0,0.625,0.0
3188,-1.0,1.0,0.0,-1.0,1.0,1.0,-1.0,0.2631578947368421,1.0
1759,-1.0,1.0,1.0,-1.0,0.0,1.0,-1.0,0.8,0.0
1740,0.0,1.0,1.0,0.3333333333333333,1.0,0.0,0.0,1.0,1.0
3022,-1.0,0.0,0.3333333333333333,-1.0,1.0,1.0,-0.3333333333333333,0.5,1.0
223,-1.0,1.0,1.0,-1.0,1.0,0.3333333333333333,-1.0,1.0,0.0
1724,-0.3333333333333333,1.0,-0.5,0.0,1.0,1.0,-0.2,1.0,0.0
1060,0.0,1.0,0.0,0.0,1.0,0.0,-0.3333333333333333,0.6666666666666666,0.0
509,1.0,0.0,0.0,-1.0,1.0,1.0,0.0,0.5,0.0
619,0.0,1.0,1.0,-1.0,0.0,0.0,-0.3333333333333333,1.0,0.0
621,-1.0,1.0,1.0,-1.0,0.0,0.0,-0.6666666666666666,0.2,0.0
620,-0.6666666666666666,0.0,1.0,-1.0,0.0,-1.0,-1.0,1.0,-0.5
618,1.0,1.0,-1.0,0.0,1.0,0.0,-0.8571428571428571,0.6923076923076923,1.0
3639,0.0,1.0,0.7142857142857143,-0.5,1.0,0.8775510204081632,-0.5294117647058824,0.8518518518518519,0.7777777777777778
3380,-0.3333333333333333,1.0,0.8333333333333334,-1.0,0.6666666666666666,0.8888888888888888,0.5,0.9545454545454546,1.0
3664,-0.3333333333333333,1.0,0.7222222222222222,-1.0,0.8181818181818182,1.0,0.08196721311475409,0.7647058823529411,0.75
3371,-0.5,0.9333333333333333,0.8,-1.0,1.0,0.8666666666666667,0.14705882352941177,0.7857142857142857,0.0
3674,0.2727272727272727,0.9619047619047619,0.6521739130434783,-1.0,1.0,0.9076923076923077,0.45454545454545453,0.7307692307692307,0.5
3034,-0.3333333333333333,1.0,0.6153846153846154,-1.0,1.0,1.0,0.41935483870967744,0.9230769230769231,1.0
2083,0.0,0.0,0.0,-1.0,1.0,0.0,-0.6,1.0,0.0
267,0.0,1.0,0.3333333333333333,-1.0,1.0,1.0,0.05263157894736842,0.6666666666666666,0.0
3083,-0.42857142857142855,1.0,0.4666666666666667,0.0,1.0,1.0,0.6060606060606061,0.926829268292683,0.42857142857142855
268,0.0,0.6666666666666666,0.6896551724137931,0.0,1.0,0.42857142857142855,0.6666666666666666,0.84,1.0
3229,-1.0,1.0,0.0,0.0,0.6666666666666666,1.0,0.6363636363636364,1.0,0.0
1896,-1.0,1.0,0.0,-1.0,0.0,0.0,-1.0,0.8333333333333334,0.0
2101,1.0,1.0,0.6,-1.0,1.0,0.5,-0.7777777777777778,0.875,1.0
3230,-1.0,1.0,0.42857142857142855,-1.0,0.0,1.0,-1.0,0.7142857142857143,1.0
2056,-0.3333333333333333,1.0,0.3333333333333333,-1.0,1.0,1.0,1.0,1.0,-1.0
3673,0.0,1.0,0.5,-1.0,1.0,1.0,0.5238095238095238,0.9,0.0
3604,1.0,1.0,0.8666666666666667,0.0,1.0,0.5555555555555556,-0.6666666666666666,0.8,0.0
2054,-0.5,1.0,0.0,0.0,1.0,1.0,-0.6666666666666666,1.0,-1.0
506,-0.3333333333333333,1.0,1.0,-0.3333333333333333,0.3333333333333333,1.0,0.2222222222222222,1.0,-1.0
504,0.0,0.8571428571428571,1.0,-1.0,0.0,1.0,-1.0,1.0,1.0
3236,1.0,1.0,1.0,1.0,0.0,1.0,-1.0,1.0,1.0
3623,-0.5,1.0,0.3488372093023256,1.0,1.0,0.9272727272727272,-0.5238095238095238,0.8367346938775511,0.3333333333333333
3624,-0.7142857142857143,1.0,-0.07692307692307693,-1.0,1.0,-0.5,-1.0,0.5555555555555556,-0.2
3235,-1.0,1.0,0.8095238095238095,-1.0,0.3333333333333333,0.0,-1.0,0.8333333333333334,1.0
3261,0.0,1.0,1.0,-1.0,1.0,1.0,-0.6666666666666666,1.0,-1.0
3262,0.0,1.0,1.0,-1.0,1.0,1.0,-0.5,0.5384615384615384,0.0
3237,1.0,1.0,0.6666666666666666,0.0,1.0,0.75,-1.0,0.42857142857142855,0.0
133,-1.0,-1.0,0.0,-1.0,1.0,1.0,0.23076923076923078,0.7142857142857143,0.0
3243,0.6,1.0,0.7142857142857143,0.0,1.0,1.0,1.0,0.8125,0.6
3511,0.3333333333333333,1.0,1.0,0.0,0.0,0.0,-1.0,0.0,0.0
3568,0.5,1.0,1.0,-1.0,1.0,0.6666666666666666,-0.4666666666666667,0.4,-1.0
3691,0.3333333333333333,1.0,0.5616438356164384,-0.5,1.0,1.0,-0.3333333333333333,0.75,0.8571428571428571
310,-1.0,1.0,0.0,-1.0,1.0,0.0,1.0,0.3333333333333333,0.0
313,-1.0,1.0,1.0,0.0,1.0,0.0,0.3333333333333333,1.0,0.0
2070,1.0,1.0,0.3,-1.0,1.0,1.0,-0.6666666666666666,0.8461538461538461,0.0
3525,1.0,1.0,1.0,0.0,1.0,1.0,-0.6666666666666666,0.5789473684210527,1.0
1768,-0.3333333333333333,1.0,-0.25,0.0,1.0,0.0,0.0,0.3333333333333333,1.0
1769,1.0,1.0,-1.0,0.0,0.0,1.0,-0.6,0.7142857142857143,0.0
1770,0.0,1.0,-0.2,0.0,1.0,0.0,0.0,1.0,0.0
1756,0.0,0.0,-1.0,0.0,1.0,0.1111111111111111,-1.0,1.0,0.0
525,-1.0,1.0,-1.0,-1.0,0.0,0.0,-0.3333333333333333,1.0,0.0
1763,-0.5,0.0,1.0,0.0,1.0,0.0,0.0,0.75,0.0
527,1.0,0.0,1.0,-1.0,1.0,1.0,-0.5,1.0,0.0
533,-1.0,0.3333333333333333,0.5,1.0,-1.0,1.0,-0.2,0.6,0.0
526,-0.3333333333333333,1.0,0.0,-1.0,0.0,0.0,1.0,1.0,0.0
476,-0.6363636363636364,1.0,-0.5,-1.0,0.0,1.0,1.0,0.14285714285714285,1.0
477,-1.0,1.0,1.0,0.0,0.0,0.0,0.2,1.0,1.0
3723,-1.0,0.9759036144578314,0.7543859649122807,-1.0,1.0,0.875,-0.125,0.8108108108108109,0.2
3688,0.6666666666666666,1.0,0.5,-1.0,1.0,0.9393939393939394,0.24444444444444444,0.8571428571428571,0.0
3520,0.06666666666666667,0.9518072289156626,0.6097560975609756,0.3333333333333333,1.0,0.9692307692307692,0.7090909090909091,0.8787878787878788,0.6
1848,0.0,0.8181818181818182,0.6,-1.0,1.0,1.0,-0.7777777777777778,0.3333333333333333,0.0
3689,1.0,1.0,0.7142857142857143,-0.5,1.0,0.9047619047619048,-0.2,0.65,1.0
2163,1.0,1.0,0.2,0.0,1.0,1.0,0.0,0.5714285714285714,0.0
3031,1.0,1.0,0.45454545454545453,-1.0,1.0,1.0,-1.0,0.8,0.3333333333333333
1739,-1.0,1.0,0.0,0.0,1.0,0.0,-0.3333333333333333,1.0,0.0
1780,1.0,1.0,-1.0,-1.0,1.0,1.0,-1.0,0.7142857142857143,1.0
1781,0.0,0.0,0.2,0.0,1.0,1.0,-1.0,0.6666666666666666,1.0
1741,0.0,1.0,0.8333333333333334,0.0,1.0,1.0,-1.0,0.7142857142857143,1.0
3267,-1.0,0.0,-1.0,-1.0,1.0,0.0,-1.0,0.6,0.0
1897,-0.8,1.0,0.125,-1.0,1.0,1.0,0.4117647058823529,0.8235294117647058,0.25
485,-1.0,1.0,0.9,0.0,1.0,1.0,-0.7142857142857143,0.5,1.0
1839,-0.14285714285714285,0.8888888888888888,0.42857142857142855,-1.0,1.0,1.0,-0.42857142857142855,0.5238095238095238,1.0
487,0.0,1.0,0.6842105263157895,0.0,0.0,1.0,-0.2,1.0,0.0
505,-1.0,1.0,-0.3333333333333333,1.0,1.0,1.0,0.0,0.3333333333333333,0.0
3189,0.0,1.0,1.0,0.0,0.0,1.0,0.0,0.5,1.0
3468,-1.0,1.0,0.8,-1.0,1.0,1.0,0.3333333333333333,1.0,0.2
3331,0.0,1.0,0.5,-1.0,1.0,1.0,-0.4,0.7894736842105263,-1.0
3449,0.3333333333333333,1.0,0.3333333333333333,-1.0,1.0,1.0,0.15789473684210525,0.75,1.0
3329,-1.0,1.0,0.5,-1.0,0.0,1.0,-1.0,1.0,0.0
3739,-1.0,1.0,0.6842105263157895,-1.0,0.6666666666666666,0.7142857142857143,0.6923076923076923,0.9354838709677419,1.0
3653,0.3333333333333333,1.0,1.0,-0.3333333333333333,0.9523809523809523,0.8181818181818182,0.9047619047619048,0.8703703703703703,0.7142857142857143
2160,-1.0,0.75,-1.0,0.0,1.0,0.0,-1.0,0.8181818181818182,-1.0
2159,-1.0,1.0,1.0,-1.0,1.0,1.0,1.0,1.0,-0.3333333333333333
2161,-0.3333333333333333,1.0,1.0,-1.0,1.0,0.0,-0.3333333333333333,0.4,-1.0
3296,0.0,1.0,0.0,-1.0,1.0,1.0,-1.0,0.8333333333333334,1.0
3455,-1.0,0.0,-0.2,-1.0,1.0,1.0,-0.7142857142857143,0.8,0.0
3456,0.0,1.0,0.6666666666666666,0.0,0.0,1.0,1.0,1.0,1.0
3454,0.0,1.0,0.3333333333333333,0.0,-1.0,1.0,1.0,1.0,0.0
3453,1.0,1.0,0.6,0.0,0.0,1.0,1.0,0.6666666666666666,0.0
3425,-0.5,1.0,-0.6,-1.0,1.0,1.0,-0.6,0.0,0.0
1295,0.0,1.0,1.0,-1.0,1.0,1.0,-0.5,1.0,1.0
1287,-1.0,1.0,1.0,0.0,1.0,1.0,-1.0,0.6666666666666666,-1.0
1297,-1.0,0.0,0.0,0.0,1.0,0.0,-1.0,1.0,0.0
1294,-0.3333333333333333,0.0,-1.0,-1.0,0.0,1.0,-1.0,0.3333333333333333,0.0
2137,-1.0,1.0,0.6,0.0,0.0,0.6,-0.8888888888888888,0.25,-0.5
3479,0.0,0.0,0.5,-1.0,0.0,0.0,-1.0,1.0,1.0
3480,-1.0,1.0,1.0,1.0,1.0,0.0,-1.0,0.2,0.0
3722,0.2,0.92,0.5492957746478874,-0.6363636363636364,1.0,1.0,0.25,0.6,0.5
3752,0.0,1.0,0.3333333333333333,-1.0,1.0,1.0,0.0,1.0,0.0
3753,0.0,1.0,0.0,0.0,1.0,1.0,0.0,1.0,1.0
3756,0.3333333333333333,0.9,-1.0,-1.0,1.0,1.0,0.3333333333333333,1.0,0.0
3755,-1.0,1.0,0.0,0.0,1.0,1.0,0.6,1.0,0.0
3556,-1.0,1.0,1.0,-1.0,0.0,0.0,-1.0,1.0,1.0
3754,0.0,0.0,0.5,0.0,1.0,0.0,-1.0,1.0,-1.0
3571,-0.3333333333333333,0.0,0.0,-1.0,1.0,1.0,0.5,-0.14285714285714285,0.0
1429,-1.0,0.0,0.0,0.0,1.0,0.0,1.0,1.0,0.0
1545,-1.0,1.0,0.0,1.0,1.0,1.0,0.0,0.5,-1.0
3712,1.0,1.0,0.4666666666666667,-1.0,1.0,1.0,-0.09090909090909091,0.8461538461538461,0.6
3744,-0.3333333333333333,1.0,0.0,-1.0,1.0,1.0,-1.0,0.3333333333333333,0.0
3743,-1.0,1.0,0.0,-1.0,0.0,1.0,0.0,0.6,1.0
3742,-1.0,1.0,0.0,-1.0,0.0,0.0,-0.3333333333333333,0.7142857142857143,1.0
1971,-0.75,1.0,0.09090909090909091,-0.3333333333333333,1.0,0.0,-0.5,1.0,0.0
3751,1.0,1.0,0.7222222222222222,1.0,0.8333333333333334,0.8888888888888888,0.2413793103448276,0.78125,0.3333333333333333
1926,0.0,0.0,1.0,-1.0,1.0,1.0,0.0,1.0,0.0
1925,1.0,1.0,0.0,0.0,1.0,0.0,0.2,1.0,1.0
1927,0.0,0.0,0.0,-1.0,1.0,1.0,-1.0,1.0,0.0
3209,-1.0,1.0,1.0,-1.0,1.0,1.0,-0.14285714285714285,1.0,1.0
3651,-0.5,1.0,0.78125,-1.0,1.0,0.8157894736842105,-0.6,0.8313253012048193,0.9444444444444444
1874,0.0,0.0,1.0,-1.0,0.0,1.0,0.2,0.4,0.0
1875,-1.0,1.0,1.0,0.0,1.0,1.0,0.3333333333333333,1.0,0.0
652,0.0,1.0,0.0,0.0,0.0,1.0,0.0,1.0,0.0
3532,-1.0,1.0,0.6,1.0,1.0,0.6923076923076923,0.1111111111111111,0.8461538461538461,1.0
3519,0.0,1.0,1.0,-1.0,1.0,1.0,-1.0,0.5,1.0
3555,0.0,1.0,0.7142857142857143,-1.0,1.0,0.75,-0.25,0.5652173913043478,-0.3333333333333333
101,-1.0,1.0,0.0,0.0,0.0,0.0,0.0,1.0,0.0
3352,0.0,1.0,0.0,0.0,0.0,1.0,-0.5,1.0,0.0
1758,0.0,0.0,0.0,0.0,1.0,1.0,0.5,1.0,1.0
84,0.0,0.3333333333333333,1.0,-1.0,1.0,-1.0,-1.0,1.0,0.0
82,0.0,1.0,0.0,0.0,1.0,1.0,-0.3333333333333333,1.0,-1.0
103,-1.0,1.0,1.0,0.0,1.0,1.0,0.0,0.7142857142857143,0.0
102,0.0,1.0,1.0,0.0,1.0,1.0,1.0,0.8571428571428571,1.0
105,-0.3333333333333333,0.0,0.0,0.0,0.0,0.0,0.0,1.0,0.0
1914,0.0,1.0,0.0,0.0,0.0,0.0,0.3333333333333333,1.0,1.0
1916,0.0,1.0,1.0,0.0,0.0,0.0,1.0,1.0,1.0
1917,0.0,1.0,-1.0,-1.0,1.0,1.0,0.0,1.0,1.0
3730,-0.7142857142857143,1.0,0.0,-1.0,0.0,1.0,0.2,0.42857142857142855,0.0
3731,0.0,1.0,0.7777777777777778,-1.0,1.0,0.3333333333333333,1.0,0.6,0.6666666666666666
3770,0.0,1.0,0.625,1.0,1.0,0.7575757575757576,-0.3333333333333333,0.8604651162790697,-1.0
3594,-0.6,1.0,0.3333333333333333,0.3333333333333333,1.0,1.0,-0.6,0.7333333333333333,-0.3333333333333333
3582,1.0,0.8571428571428571,0.4444444444444444,0.0,1.0,0.8181818181818182,-0.6,0.8787878787878788,-1.0
3564,-1.0,1.0,0.23076923076923078,0.0,0.0,0.8181818181818182,-0.7142857142857143,0.6363636363636364,0.3333333333333333
3590,-1.0,1.0,1.0,-1.0,0.0,1.0,-0.6,0.7777777777777778,1.0
3565,0.3333333333333333,1.0,0.0,1.0,1.0,1.0,0.5,0.6666666666666666,1.0
3682,1.0,1.0,0.6438356164383562,-1.0,1.0,1.0,0.3333333333333333,0.875,1.0
3694,0.3333333333333333,1.0,0.391304347826087,0.0,1.0,0.8666666666666667,0.0,0.8260869565217391,1.0
1785,1.0,1.0,0.2,0.0,0.0,0.0,-1.0,0.6,0.0
1757,0.0,1.0,1.0,0.0,1.0,0.0,-0.8,1.0,-1.0
1829,0.0,1.0,1.0,0.0,0.0,0.0,-0.5,1.0,1.0
1830,-1.0,0.0,0.5,-1.0,1.0,0.0,-1.0,0.5,0.0
3815,0.0,1.0,0.9166666666666666,-1.0,1.0,0.9,-1.0,0.8,1.0
3740,-0.42857142857142855,1.0,0.18072289156626506,-1.0,1.0,0.7931034482758621,-0.1724137931034483,0.7857142857142857,-0.3333333333333333
3326,0.0,1.0,1.0,0.0,0.0,1.0,0.0,1.0,1.0
3249,1.0,1.0,1.0,0.0,1.0,1.0,-0.6666666666666666,0.6,0.0
3228,-1.0,0.3333333333333333,1.0,-1.0,1.0,1.0,-1.0,1.0,1.0
3369,-0.2,1.0,0.625,-1.0,0.8666666666666667,1.0,0.3333333333333333,0.8125,-1.0
3536,1.0,1.0,0.4444444444444444,-1.0,1.0,1.0,-0.29411764705882354,0.7142857142857143,0.0
3381,-0.14285714285714285,1.0,0.3125,-1.0,1.0,1.0,-0.6666666666666666,0.625,1.0
3692,1.0,1.0,0.3333333333333333,1.0,0.7777777777777778,1.0,0.0,0.85,0.0
3368,1.0,1.0,0.8235294117647058,-1.0,1.0,1.0,-0.12,0.9565217391304348,1.0
153,1.0,1.0,0.3333333333333333,1.0,1.0,0.6666666666666666,-0.8,0.6,-1.0
151,0.3333333333333333,1.0,0.36585365853658536,-0.6,1.0,1.0,-1.0,1.0,1.0
3766,0.0,0.84,0.6923076923076923,-0.75,1.0,1.0,-0.6666666666666666,0.9166666666666666,-1.0
3307,-1.0,1.0,0.7142857142857143,0.0,1.0,1.0,-1.0,1.0,0.0
3765,1.0,1.0,0.8125,-1.0,1.0,1.0,-0.5555555555555556,0.8,0.0
3567,-0.1111111111111111,0.9649122807017544,0.7777777777777778,0.0,1.0,0.9607843137254902,0.2727272727272727,0.96,1.0
3605,-0.5,1.0,0.2,0.0,1.0,0.3333333333333333,0.46875,0.9166666666666666,0.3333333333333333
3476,0.0,1.0,-0.3333333333333333,0.0,1.0,1.0,-0.23809523809523808,0.9215686274509803,1.0
3340,1.0,1.0,0.5789473684210527,0.0,1.0,0.8571428571428571,-0.2857142857142857,0.9428571428571428,1.0
3438,-1.0,1.0,0.5,-1.0,1.0,1.0,-0.23076923076923078,0.9130434782608695,0.0
264,-0.3333333333333333,1.0,0.5,0.0,1.0,1.0,0.06666666666666667,0.6666666666666666,1.0
3126,-0.5,1.0,1.0,0.0,0.0,1.0,-0.7333333333333333,0.7647058823529411,0.5
521,0.5,0.0,0.7777777777777778,-1.0,0.0,0.0,-0.75,0.6666666666666666,1.0
3206,-0.5555555555555556,1.0,0.8095238095238095,-1.0,0.9607843137254902,0.8620689655172413,0.9,0.9555555555555556,0.3333333333333333
3319,0.0,1.0,0.7073170731707317,0.0,1.0,0.8571428571428571,-0.1,0.6428571428571429,-1.0
3767,-1.0,1.0,0.631578947368421,0.0,1.0,0.9523809523809523,-0.2727272727272727,0.8701298701298701,1.0
3551,-0.42857142857142855,1.0,0.7692307692307693,0.3333333333333333,1.0,0.8723404255319149,0.16666666666666666,0.8181818181818182,0.7837837837837838
3789,-0.2,1.0,0.5,0.0,1.0,0.8666666666666667,0.15151515151515152,0.8873239436619719,1.0
3810,-0.42857142857142855,1.0,0.8,-1.0,1.0,0.9534883720930233,-0.25,0.7419354838709677,1.0
122,-1.0,0.0,1.0,0.0,1.0,1.0,1.0,1.0,0.0
1742,0.0,1.0,0.6,-1.0,0.0,0.0,-0.5,0.75,1.0
3049,-1.0,1.0,0.6666666666666666,-1.0,1.0,1.0,-0.42857142857142855,1.0,0.0
3529,0.0,-1.0,0.0,1.0,0.0,1.0,0.2,1.0,1.0
3181,-0.5555555555555556,1.0,1.0,-1.0,1.0,1.0,-0.3333333333333333,0.42857142857142855,0.3333333333333333
3508,-0.2,1.0,0.5757575757575758,-1.0,1.0,0.75,-0.8,0.8,0.5
3681,0.0,1.0,0.75,-1.0,1.0,1.0,0.23076923076923078,0.7037037037037037,0.42857142857142855
3270,0.42857142857142855,0.9090909090909091,0.5111111111111111,-1.0,0.9130434782608695,1.0,0.3333333333333333,0.8958333333333334,1.0
3312,-0.7142857142857143,1.0,0.660377358490566,0.0,0.7777777777777778,1.0,-0.7333333333333333,0.7560975609756098,1.0
3698,-1.0,0.9459459459459459,0.5333333333333333,-1.0,1.0,1.0,-0.3333333333333333,0.8181818181818182,1.0
3046,-1.0,1.0,1.0,0.0,1.0,1.0,0.0,0.9130434782608695,0.7142857142857143
3687,0.5,1.0,0.7142857142857143,-1.0,1.0,0.8666666666666667,-0.14285714285714285,0.9,0.5
3507,0.0,1.0,0.47368421052631576,0.0,0.8709677419354839,0.9069767441860465,1.0,0.875,1.0
3359,-1.0,1.0,0.6,-0.3333333333333333,1.0,1.0,-0.3333333333333333,0.4666666666666667,1.0
3475,-0.14285714285714285,1.0,0.7570093457943925,0.0,1.0,1.0,0.5324675324675324,0.8805970149253731,0.2
3489,0.3333333333333333,1.0,0.72,1.0,1.0,0.875,0.0,0.8888888888888888,1.0
2191,1.0,1.0,0.6,-1.0,1.0,1.0,0.7142857142857143,1.0,0.0
3690,0.0,1.0,0.3333333333333333,0.0,0.3333333333333333,1.0,-0.625,0.8319327731092437,-0.25
3721,0.0,1.0,0.5,-1.0,0.0,1.0,-0.3333333333333333,0.6666666666666666,-1.0
3737,1.0,1.0,0.6666666666666666,-1.0,1.0,0.8571428571428571,0.4594594594594595,0.9024390243902439,0.7894736842105263
2226,0.09090909090909091,1.0,0.6744186046511628,0.0,1.0,0.8823529411764706,0.7627118644067796,0.8571428571428571,1.0
2019,0.5555555555555556,0.9726027397260274,0.9090909090909091,-1.0,1.0,1.0,0.4838709677419355,0.8961038961038961,0.3333333333333333
3327,-0.5,1.0,0.4492753623188406,-1.0,1.0,0.625,0.6666666666666666,0.90625,-0.5
2188,0.0,0.92,0.7272727272727273,-0.2,1.0,0.7647058823529411,0.5,0.948051948051948,1.0
3321,0.3333333333333333,0.9701492537313433,0.6410256410256411,-1.0,0.9333333333333333,0.8823529411764706,0.575,0.9076923076923077,-0.2
3356,0.3333333333333333,1.0,0.7083333333333334,-0.6666666666666666,1.0,0.7777777777777778,0.6774193548387096,0.8688524590163934,1.0
3611,-0.1111111111111111,0.8181818181818182,0.75,1.0,1.0,1.0,0.0,0.7333333333333333,1.0
3443,0.0,1.0,0.696969696969697,-1.0,0.9534883720930233,1.0,0.7699115044247787,0.9365079365079365,1.0
3311,-0.6,1.0,0.7391304347826086,0.0,1.0,0.84,-0.6363636363636364,0.8214285714285714,-0.6
3787,0.6,0.9487179487179487,0.5833333333333334,-1.0,1.0,0.9310344827586207,0.7777777777777778,0.9183673469387755,0.8333333333333334
3374,-1.0,1.0,0.0,0.0,1.0,1.0,0.0,0.9,1.0
3834,1.0,1.0,0.45454545454545453,0.0,1.0,1.0,-0.3333333333333333,0.8787878787878788,1.0
3875,0.0,1.0,0.8333333333333334,1.0,1.0,1.0,-1.0,0.9130434782608695,1.0
3885,-1.0,1.0,0.7142857142857143,0.0,0.0,1.0,0.0,0.6363636363636364,0.0
3586,0.16666666666666666,0.983739837398374,0.9111111111111111,-0.3333333333333333,1.0,0.922077922077922,0.7101449275362319,0.8608695652173913,0.6923076923076923
3473,-1.0,1.0,0.42857142857142855,-1.0,1.0,0.7142857142857143,0.3,0.7894736842105263,1.0
3763,-1.0,1.0,-0.3333333333333333,0.0,0.7142857142857143,1.0,-0.6,0.8620689655172413,0.3333333333333333
3903,1.0,1.0,0.0,0.0,1.0,1.0,0.0,1.0,0.0
3085,0.0,1.0,1.0,0.0,0.0,-1.0,-1.0,1.0,1.0
453,0.0,0.0,0.0,-1.0,1.0,1.0,0.2,0.3333333333333333,-1.0
3129,0.0,1.0,0.7777777777777778,0.0,1.0,0.0,-1.0,1.0,0.0
1784,-1.0,1.0,0.5555555555555556,-0.42857142857142855,1.0,0.0,-0.2,0.8222222222222222,-0.25
3072,1.0,1.0,0.9,0.0,1.0,1.0,-0.5,0.7142857142857143,0.0
3320,-0.25,0.9900990099009901,0.8202247191011236,-0.6,0.8,1.0,0.40540540540540543,0.9259259259259259,0.2
3355,0.14285714285714285,0.9,0.4666666666666667,-1.0,1.0,0.84,0.6,0.7692307692307693,0.8
3813,0.0,1.0,0.6,0.0,1.0,1.0,0.2,1.0,1.0
3828,-0.5,1.0,0.5789473684210527,-1.0,1.0,1.0,1.0,0.7333333333333333,0.0
3710,0.0,1.0,1.0,1.0,1.0,1.0,-0.7142857142857143,0.7777777777777778,-1.0
152,0.0,1.0,1.0,0.0,1.0,1.0,-0.75,0.6470588235294118,-1.0
3838,1.0,1.0,0.6842105263157895,-1.0,0.8571428571428571,0.9117647058823529,1.0,0.7931034482758621,0.0
1056,-0.5714285714285714,1.0,0.5,0.0,1.0,1.0,0.0,0.7073170731707317,0.0
3699,0.25,1.0,0.6363636363636364,-1.0,1.0,1.0,0.8181818181818182,0.9375,1.0
3494,-1.0,1.0,0.5882352941176471,-0.6,1.0,0.7777777777777778,0.5,0.9298245614035088,1.0
3336,0.0,0.9459459459459459,0.6521739130434783,1.0,1.0,1.0,0.391304347826087,0.9215686274509803,0.0
3128,-0.3333333333333333,0.8823529411764706,0.4482758620689655,0.5,1.0,1.0,-0.46153846153846156,0.7037037037037037,1.0
3269,-1.0,1.0,1.0,-1.0,1.0,1.0,1.0,1.0,0.0
768,0.0,0.0,0.0,-1.0,0.0,0.0,-1.0,0.2,0.0
144,0.5,1.0,0.9166666666666666,-1.0,1.0,1.0,0.35384615384615387,0.9130434782608695,1.0
2020,0.0,1.0,0.7551020408163265,0.5,1.0,0.9166666666666666,-0.030303030303030304,1.0,0.5
3416,-1.0,0.9166666666666666,0.8,0.0,1.0,1.0,-0.75,0.7777777777777778,-1.0
3399,1.0,1.0,0.5384615384615384,-1.0,1.0,0.7222222222222222,-0.5,0.8852459016393442,1.0
3569,1.0,1.0,1.0,-1.0,1.0,1.0,-0.2,0.8620689655172413,-1.0
3011,0.0,1.0,0.25,0.0,1.0,0.2222222222222222,-1.0,0.7435897435897436,1.0
1733,0.14285714285714285,1.0,0.6153846153846154,-1.0,1.0,1.0,-0.02702702702702703,0.7391304347826086,0.6
1774,1.0,1.0,0.8,0.0,1.0,1.0,-1.0,0.75,1.0
1777,0.0,1.0,0.2,-1.0,1.0,1.0,-1.0,0.8333333333333334,0.3333333333333333
3543,0.0,0.8,0.4166666666666667,0.0,0.2,1.0,-1.0,0.9215686274509803,-1.0
3537,0.3333333333333333,1.0,0.75,-0.7142857142857143,1.0,0.8333333333333334,-0.6666666666666666,0.8461538461538461,0.5555555555555556
3240,-1.0,1.0,1.0,0.0,0.0,0.0,-0.2,0.75,0.0
379,0.0,1.0,1.0,0.0,0.0,0.0,-1.0,0.6666666666666666,-1.0
142,0.5,0.9583333333333334,0.696969696969697,0.5,1.0,0.8461538461538461,0.3333333333333333,0.8823529411764706,1.0
3432,-1.0,1.0,0.6,1.0,1.0,0.9333333333333333,-0.35,0.9,0.6
3877,1.0,1.0,0.5555555555555556,0.0,1.0,0.7142857142857143,0.6,1.0,0.0
409,-0.5,1.0,-1.0,-1.0,1.0,1.0,-0.7777777777777778,0.75,0.0
3495,-1.0,1.0,0.391304347826087,-1.0,1.0,1.0,-0.8181818181818182,0.7368421052631579,0.0
3471,0.0,1.0,0.7192982456140351,-1.0,1.0,0.8461538461538461,0.42857142857142855,0.8536585365853658,0.5
3469,0.0,1.0,0.5510204081632653,1.0,0.75,1.0,-0.5,0.9259259259259259,0.6
3419,0.0,1.0,1.0,-1.0,1.0,0.0,-1.0,0.7857142857142857,1.0
3418,-1.0,1.0,0.75,0.0,1.0,1.0,0.0,0.8666666666666667,0.0
3405,-1.0,1.0,0.38461538461538464,-0.5,1.0,0.0,0.2727272727272727,0.9069767441860465,1.0
3141,1.0,1.0,0.14285714285714285,0.0,1.0,1.0,0.0,1.0,0.0
3420,-1.0,1.0,0.5,1.0,1.0,1.0,-1.0,1.0,1.0
3580,-1.0,1.0,0.6190476190476191,0.0,1.0,1.0,-1.0,0.8235294117647058,0.0
3573,-0.75,1.0,0.16666666666666666,0.0,1.0,0.8666666666666667,-0.46153846153846156,0.6666666666666666,0.6
3678,1.0,1.0,0.7142857142857143,0.0,1.0,1.0,-1.0,0.8823529411764706,1.0
3652,-0.2,1.0,0.1111111111111111,-1.0,1.0,1.0,-0.6,0.8823529411764706,0.45454545454545453
218,0.0,0.0,0.0,0.0,0.0,0.0,-0.3333333333333333,1.0,0.0
3727,-1.0,1.0,0.6666666666666666,-1.0,1.0,1.0,-0.3333333333333333,0.8974358974358975,0.2
3735,-0.5555555555555556,1.0,0.7333333333333333,0.3333333333333333,1.0,1.0,-1.0,0.8285714285714286,0.8
3764,-1.0,1.0,0.0,-1.0,1.0,0.0,-0.6,0.84,1.0
3750,-1.0,1.0,0.2,-1.0,1.0,1.0,-0.3333333333333333,0.8,0.0
3782,-0.6,0.9428571428571428,0.6,1.0,0.875,0.9411764705882353,0.7872340425531915,0.8214285714285714,0.3333333333333333
3800,0.0,1.0,0.5,0.0,1.0,0.6,-0.3333333333333333,0.7142857142857143,0.0
2021,-1.0,1.0,0.5471698113207547,-1.0,1.0,1.0,0.0,0.8333333333333334,-1.0
3527,-0.3333333333333333,1.0,0.6,-0.6,0.3333333333333333,1.0,-0.17647058823529413,0.875,1.0
3481,0.5,1.0,0.8235294117647058,-1.0,1.0,1.0,0.36,0.8260869565217391,-0.3333333333333333
3598,-1.0,0.8333333333333334,0.7142857142857143,1.0,1.0,1.0,-0.5,1.0,1.0
2018,-0.3333333333333333,1.0,0.7894736842105263,0.0,1.0,1.0,-0.625,0.8666666666666667,1.0
3127,1.0,1.0,0.09090909090909091,1.0,1.0,0.6666666666666666,-0.8666666666666667,0.875,1.0
3847,-0.6666666666666666,1.0,1.0,0.0,1.0,1.0,1.0,0.8666666666666667,1.0
3846,-0.5,0.9375,0.5,-1.0,1.0,0.3333333333333333,0.7777777777777778,0.8620689655172413,1.0
3845,-1.0,1.0,1.0,0.0,1.0,1.0,1.0,0.7692307692307693,1.0
3773,1.0,1.0,0.7142857142857143,-0.5,1.0,1.0,0.7419354838709677,0.7037037037037037,0.0
3827,-1.0,1.0,0.75,0.0,1.0,0.8666666666666667,0.4,0.9166666666666666,0.42857142857142855
3881,-1.0,1.0,1.0,-1.0,1.0,1.0,-0.17647058823529413,0.8823529411764706,-1.0
3884,0.0,0.0,0.3333333333333333,0.0,1.0,1.0,0.5,0.3333333333333333,0.0
3665,-0.3333333333333333,0.9565217391304348,0.631578947368421,-1.0,1.0,0.6666666666666666,0.15,0.9183673469387755,1.0
3861,-1.0,0.0,0.0,-1.0,1.0,1.0,-1.0,0.625,0.0
3879,-1.0,1.0,0.3333333333333333,0.0,1.0,0.0,0.0,1.0,0.0
3202,0.0,1.0,1.0,0.0,1.0,1.0,-1.0,0.3333333333333333,0.0
1299,0.0,1.0,1.0,0.0,1.0,1.0,0.0,1.0,0.0
1300,-1.0,1.0,0.0,-1.0,1.0,1.0,0.0,1.0,-1.0
3775,0.0,1.0,1.0,0.0,1.0,1.0,0.3333333333333333,1.0,0.0
3761,0.0,1.0,0.0,0.0,1.0,1.0,1.0,0.7647058823529411,0.0
3035,0.0,1.0,0.5384615384615384,-1.0,1.0,0.75,-0.25,1.0,1.0
2055,-1.0,1.0,1.0,-0.3333333333333333,1.0,0.0,-0.3333333333333333,0.8666666666666667,1.0
2185,-1.0,1.0,0.4838709677419355,-0.5,0.5,1.0,-1.0,1.0,1.0
3157,0.2,1.0,0.875,-1.0,0.0,0.5555555555555556,-0.3333333333333333,0.5555555555555556,0.0
3156,-0.3333333333333333,1.0,0.45454545454545453,0.0,1.0,1.0,-1.0,1.0,-1.0
3545,-0.3333333333333333,1.0,0.8367346938775511,-1.0,0.8,0.8,0.26666666666666666,0.8734177215189873,-0.1111111111111111
3310,1.0,1.0,1.0,0.0,1.0,0.0,-1.0,0.7142857142857143,1.0
399,0.5,1.0,1.0,-1.0,1.0,1.0,-0.6,0.8620689655172413,0.0
3464,0.5,0.6666666666666666,0.2777777777777778,-0.6666666666666666,1.0,1.0,0.0,0.8333333333333334,1.0
3497,0.0,1.0,0.6388888888888888,-1.0,1.0,1.0,-0.14285714285714285,0.36363636363636365,0.0
3496,-0.3333333333333333,1.0,0.5185185185185185,-0.6666666666666666,1.0,1.0,-0.3333333333333333,0.5,0.3333333333333333
3180,-1.0,1.0,0.8378378378378378,-0.5,0.0,1.0,-0.75,0.75,0.0
3407,0.3333333333333333,1.0,0.6842105263157895,-1.0,1.0,0.8333333333333334,-0.06666666666666667,0.8378378378378378,0.3333333333333333
3584,1.0,1.0,0.8918918918918919,-1.0,0.3333333333333333,1.0,0.3333333333333333,0.8723404255319149,0.5
1902,0.0,0.0,-0.6,-1.0,0.0,0.0,0.0,1.0,-0.3333333333333333
3370,0.0,1.0,1.0,-1.0,1.0,1.0,-0.6774193548387096,1.0,-0.5
3086,-1.0,1.0,0.8,-1.0,0.0,1.0,-0.7142857142857143,1.0,-1.0
1837,0.0,0.3333333333333333,-1.0,0.0,1.0,1.0,-0.7142857142857143,0.6,0.0
1606,0.0,0.0,1.0,0.0,1.0,0.0,0.2,1.0,0.0
1627,-1.0,0.7777777777777778,0.7647058823529411,0.0,1.0,1.0,-0.3333333333333333,0.5,-1.0
1629,0.0,1.0,1.0,0.0,1.0,0.6666666666666666,0.0,1.0,0.3333333333333333
3549,-1.0,1.0,0.0,-1.0,0.3333333333333333,1.0,-0.3333333333333333,0.9047619047619048,1.0
3548,1.0,1.0,0.3333333333333333,-0.3333333333333333,1.0,1.0,-0.6666666666666666,0.8867924528301887,1.0
3547,0.0,1.0,-0.1111111111111111,-1.0,0.8571428571428571,1.0,0.47368421052631576,0.7543859649122807,0.6666666666666666
3339,1.0,1.0,0.3333333333333333,-1.0,0.0,1.0,-1.0,1.0,1.0
1604,0.0,0.0,0.3333333333333333,0.0,1.0,0.0,0.0,0.3333333333333333,0.0
1596,0.0,0.0,1.0,0.0,1.0,0.0,-0.3333333333333333,1.0,0.0
3382,-1.0,1.0,1.0,-1.0,0.0,1.0,-1.0,1.0,0.0
3259,0.0,1.0,1.0,0.0,0.0,-1.0,-1.0,1.0,-1.0
3526,0.3333333333333333,1.0,0.8461538461538461,-0.6666666666666666,0.7333333333333333,1.0,0.13636363636363635,0.8717948717948718,0.14285714285714285
3161,-0.3333333333333333,1.0,0.4074074074074074,-1.0,1.0,0.7142857142857143,0.5,0.6774193548387096,1.0
3158,-0.3333333333333333,0.9285714285714286,0.7241379310344828,-0.4,1.0,0.6923076923076923,0.5675675675675675,0.8857142857142857,0.3333333333333333
3346,-0.2,0.8695652173913043,0.7,-1.0,1.0,0.875,-0.7391304347826086,1.0,-1.0
3076,1.0,1.0,0.9,0.0,1.0,1.0,-0.6363636363636364,1.0,1.0
1735,0.0,1.0,1.0,0.0,1.0,1.0,1.0,1.0,1.0
1736,1.0,1.0,0.8333333333333334,0.0,1.0,1.0,1.0,1.0,0.0
1932,-1.0,1.0,0.8666666666666667,0.0,1.0,1.0,0.7894736842105263,1.0,1.0
1933,1.0,1.0,0.45454545454545453,0.0,0.0,1.0,-1.0,1.0,1.0
2011,1.0,0.0,0.6,0.0,1.0,0.0,1.0,1.0,0.0
2190,0.0,1.0,0.8461538461538461,0.0,1.0,1.0,-1.0,1.0,1.0
3360,0.0,1.0,0.3333333333333333,-0.3333333333333333,1.0,1.0,0.0,0.6153846153846154,0.3333333333333333
3531,0.0,0.9591836734693877,0.7254901960784313,-0.5,1.0,1.0,0.022222222222222223,0.84,0.7272727272727273
3338,-0.6,1.0,0.6923076923076923,-1.0,1.0,1.0,-0.16129032258064516,0.6571428571428571,1.0
2106,0.0,0.0,0.0,-1.0,1.0,0.0,-1.0,0.6,0.0
3287,-1.0,1.0,0.5555555555555556,0.0,0.7142857142857143,0.8947368421052632,-0.5,0.9393939393939394,1.0
3592,1.0,1.0,1.0,-1.0,1.0,0.9285714285714286,0.058823529411764705,0.9444444444444444,1.0
3768,0.0,1.0,0.16666666666666666,0.0,1.0,1.0,-0.2,0.8823529411764706,1.0
3400,-0.6,1.0,0.06666666666666667,-1.0,1.0,0.75,-0.2727272727272727,0.5789473684210527,-1.0
3817,0.3333333333333333,1.0,0.6666666666666666,0.0,1.0,1.0,-0.6,0.8461538461538461,0.0
253,-1.0,1.0,0.6338028169014085,0.0,1.0,1.0,-0.6,0.9090909090909091,0.5
3483,-1.0,1.0,0.3333333333333333,-1.0,1.0,0.0,-1.0,0.7142857142857143,0.0
3640,-0.2,1.0,0.8181818181818182,-1.0,0.0,1.0,-1.0,1.0,-0.3333333333333333
3622,0.5,1.0,1.0,0.0,1.0,0.75,-1.0,1.0,1.0
2119,1.0,0.9393939393939394,0.9285714285714286,0.0,1.0,1.0,0.5,0.7419354838709677,1.0
2058,1.0,1.0,0.4117647058823529,-1.0,1.0,0.9411764705882353,-0.1111111111111111,0.9142857142857143,1.0
451,0.0,1.0,1.0,-1.0,1.0,1.0,-0.3333333333333333,0.7142857142857143,0.2
2108,0.0,1.0,0.7142857142857143,-1.0,1.0,1.0,0.5652173913043478,1.0,1.0
2147,-0.7142857142857143,1.0,0.3333333333333333,1.0,1.0,1.0,0.3333333333333333,1.0,0.6666666666666666
163,1.0,0.0,1.0,0.0,0.0,1.0,-1.0,0.6,0.0
245,-1.0,0.5,0.0,-1.0,0.0,0.0,-1.0,1.0,0.0
1779,1.0,1.0,1.0,-1.0,0.0,0.0,-1.0,0.8461538461538461,0.0
1794,0.0,0.0,0.2,-1.0,0.0,1.0,-1.0,0.7142857142857143,1.0
2162,-0.5,1.0,0.0,-1.0,1.0,0.6666666666666666,-0.5,0.6,-0.3333333333333333
3423,-1.0,1.0,0.07692307692307693,-1.0,1.0,1.0,-0.42857142857142855,0.7142857142857143,0.3333333333333333
160,-1.0,1.0,1.0,-1.0,1.0,0.0,0.0,0.6666666666666666,0.0
161,-1.0,0.0,1.0,-1.0,0.0,0.0,1.0,0.0,0.0
116,-1.0,1.0,0.0,0.0,1.0,0.0,0.0,1.0,0.0
114,-1.0,1.0,0.0,0.0,1.0,0.0,-1.0,1.0,0.0
2072,0.0,1.0,1.0,0.0,1.0,0.0,-1.0,0.75,0.0
1782,0.0,1.0,0.8181818181818182,0.0,0.0,1.0,-1.0,1.0,1.0
2053,0.0,1.0,1.0,0.0,0.0,1.0,-1.0,0.42857142857142855,-1.0
1754,-1.0,0.0,0.14285714285714285,-1.0,1.0,0.0,-1.0,0.6666666666666666,0.0
1795,0.0,1.0,-0.2,0.0,1.0,1.0,-1.0,0.7142857142857143,1.0
3656,0.0,0.0,0.0,0.0,1.0,1.0,-1.0,1.0,0.0
3363,0.0,0.0,0.0,-1.0,1.0,1.0,-1.0,0.7142857142857143,0.0
3620,-0.3333333333333333,1.0,0.0,0.0,0.0,1.0,-0.3333333333333333,0.8181818181818182,0.6666666666666666
1778,1.0,1.0,0.2,-1.0,0.0,0.0,-1.0,0.2,1.0
3672,-0.7142857142857143,1.0,-1.0,-1.0,1.0,0.0,0.36,0.9259259259259259,-1.0
3748,0.0,1.0,0.42857142857142855,-1.0,1.0,1.0,0.0,1.0,0.0
3719,0.0,1.0,0.625,-1.0,1.0,1.0,0.3333333333333333,1.0,0.0
3814,0.3333333333333333,1.0,0.7333333333333333,0.0,1.0,0.8823529411764706,0.6666666666666666,0.8421052631578947,0.7777777777777778
3831,-1.0,1.0,1.0,0.0,0.0,1.0,-1.0,1.0,0.5
3897,-1.0,1.0,0.0,0.0,0.0,0.0,0.0,1.0,0.0
3896,-1.0,1.0,1.0,0.0,0.0,0.0,0.0,1.0,0.0
3809,-1.0,1.0,0.45454545454545453,-0.3333333333333333,1.0,1.0,0.3333333333333333,0.8260869565217391,1.0
3914,0.0,1.0,1.0,0.0,-1.0,0.0,-1.0,1.0,0.0
3816,0.0,0.0,1.0,0.0,1.0,0.0,-1.0,0.6842105263157895,1.0
3922,0.0,0.0,0.0,0.0,1.0,0.0,-1.0,1.0,-1.0
3518,-1.0,0.0,0.6,1.0,1.0,0.0,0.0,1.0,1.0
3485,-0.2,1.0,0.4666666666666667,0.0,0.0,0.7142857142857143,-0.75,0.5294117647058824,0.8
262,-1.0,0.0,0.5,-1.0,1.0,0.0,0.7777777777777778,0.6923076923076923,0.0
1904,1.0,1.0,1.0,0.0,1.0,0.6666666666666666,0.0,1.0,1.0
3054,0.0,1.0,0.3333333333333333,-1.0,1.0,1.0,0.09090909090909091,0.5294117647058824,0.0
3306,-0.3333333333333333,1.0,0.3333333333333333,-1.0,1.0,0.3333333333333333,-0.3333333333333333,0.9183673469387755,0.0
3003,0.0,1.0,0.7777777777777778,0.0,1.0,1.0,-0.3333333333333333,1.0,1.0
3406,0.3333333333333333,1.0,0.8333333333333334,0.0,1.0,1.0,-0.42857142857142855,0.76,1.0
3603,0.0,1.0,0.2,1.0,0.0,1.0,-0.3333333333333333,1.0,-1.0
1797,0.0,1.0,0.8888888888888888,0.0,0.0,1.0,0.0,1.0,0.0
1798,-1.0,-1.0,0.7142857142857143,0.0,1.0,1.0,-0.7777777777777778,0.8,0.0
1800,1.0,1.0,0.0,0.0,1.0,1.0,-0.6666666666666666,0.0,0.3333333333333333
3842,0.0,1.0,1.0,0.0,0.3333333333333333,1.0,0.3333333333333333,0.9710144927536232,1.0
3561,-0.8,1.0,-1.0,-1.0,1.0,1.0,-0.3333333333333333,0.0,0.0
3534,1.0,1.0,0.9333333333333333,-0.3333333333333333,1.0,0.8181818181818182,0.5,1.0,1.0
168,-1.0,1.0,0.375,-1.0,1.0,1.0,0.0,1.0,1.0
3538,0.0,1.0,1.0,-1.0,1.0,1.0,-0.3333333333333333,0.7142857142857143,0.0
270,0.0,1.0,1.0,0.0,1.0,1.0,0.2571428571428571,1.0,1.0
3265,-0.3333333333333333,1.0,0.42857142857142855,0.0,0.0,1.0,-0.5,1.0,-1.0
162,-1.0,0.0,1.0,-1.0,1.0,0.0,0.0,1.0,0.0
3546,0.0,1.0,0.2,-1.0,1.0,0.8333333333333334,0.07692307692307693,0.9555555555555556,0.8823529411764706
3523,0.0,1.0,0.0,-1.0,1.0,1.0,-0.6,0.8461538461538461,0.0
3606,1.0,1.0,1.0,-1.0,1.0,1.0,0.29411764705882354,1.0,-1.0
478,-1.0,1.0,0.6666666666666666,0.0,1.0,1.0,-0.3333333333333333,-0.3333333333333333,1.0
170,-1.0,0.7142857142857143,0.4,0.0,1.0,1.0,-0.3333333333333333,0.6666666666666666,0.0
1421,0.0,1.0,0.0,-1.0,1.0,0.0,0.0,-0.3333333333333333,-1.0
3844,1.0,1.0,0.0,-1.0,1.0,1.0,1.0,1.0,0.0
3826,0.3333333333333333,1.0,1.0,-1.0,1.0,0.8461538461538461,0.0,0.9230769230769231,1.0
3882,1.0,1.0,1.0,0.0,1.0,1.0,0.0,1.0,0.0
3883,0.0,1.0,0.0,0.0,0.7142857142857143,1.0,-1.0,0.7777777777777778,1.0
1799,1.0,0.0,0.6,0.0,1.0,0.0,-1.0,1.0,0.0
2100,-1.0,1.0,1.0,0.0,1.0,1.0,-1.0,0.6923076923076923,0.0
2099,-0.3333333333333333,1.0,0.8181818181818182,0.0,1.0,1.0,-0.2,0.9,-1.0
2165,0.0,1.0,0.5333333333333333,-1.0,1.0,0.5,0.0,0.6923076923076923,1.0
3324,-0.5,1.0,0.6363636363636364,1.0,1.0,1.0,0.0,0.8333333333333334,1.0
3268,0.3333333333333333,0.9354838709677419,0.5833333333333334,-1.0,1.0,0.6470588235294118,0.1111111111111111,0.8,1.0
3448,0.0,1.0,1.0,-1.0,1.0,0.6666666666666666,-1.0,0.6666666666666666,0.0
3379,0.0,1.0,-0.14285714285714285,0.0,0.0,1.0,-1.0,0.5555555555555556,-1.0
3288,0.0,0.3333333333333333,1.0,1.0,1.0,0.7777777777777778,-1.0,0.75,0.6
3377,0.5,1.0,0.7894736842105263,1.0,1.0,0.6,-0.1111111111111111,0.7857142857142857,0.6
398,0.0,0.6,1.0,0.0,1.0,0.3333333333333333,-0.3333333333333333,0.6875,-0.5
2209,-0.5,1.0,-0.3333333333333333,0.0,1.0,1.0,-1.0,0.3333333333333333,-1.0
3055,0.0,0.0,0.2,0.0,0.0,0.0,-1.0,0.0,0.0
1962,-1.0,0.0,0.3333333333333333,-1.0,0.0,1.0,-1.0,0.6,-1.0
2164,0.0,1.0,0.5555555555555556,0.0,0.0,1.0,1.0,0.5,1.0
454,0.0,1.0,1.0,0.0,1.0,0.6,0.14285714285714285,0.75,1.0
3358,0.3333333333333333,1.0,0.9090909090909091,0.0,1.0,1.0,0.2,0.9310344827586207,1.0
3048,0.0,1.0,1.0,1.0,1.0,1.0,-1.0,1.0,-1.0
523,0.0,0.0,0.0,-0.5,1.0,0.0,-0.5,1.0,0.0
676,-1.0,1.0,0.0,-1.0,0.0,1.0,0.0,1.0,1.0
603,-1.0,1.0,0.3333333333333333,0.0,1.0,1.0,0.0,0.75,1.0
2144,0.0,1.0,1.0,0.0,0.0,1.0,-1.0,0.5,1.0
2007,-0.3333333333333333,1.0,0.5,-1.0,1.0,1.0,-0.6,0.4,-1.0
285,0.0,0.0,0.3333333333333333,0.0,0.0,0.0,0.0,0.3333333333333333,-1.0
266,-1.0,1.0,0.0,-1.0,1.0,1.0,0.25,0.8181818181818182,0.0
3516,0.0,1.0,0.75,0.0,1.0,0.5,-1.0,1.0,-1.0
3530,-1.0,0.0,1.0,0.0,1.0,0.0,0.0,0.0,0.0
3343,-1.0,1.0,1.0,-1.0,0.0,0.75,-1.0,1.0,0.0
3060,-1.0,0.0,-0.5,0.0,1.0,0.0,0.0,0.6666666666666666,0.0
68,-1.0,0.0,0.0,-1.0,1.0,0.0,-0.3333333333333333,1.0,0.0
3460,0.0,1.0,1.0,0.0,1.0,1.0,-0.3333333333333333,0.5,0.0
671,0.0,1.0,-1.0,0.0,0.0,0.0,0.0,1.0,1.0
670,0.0,0.0,-1.0,0.0,1.0,0.0,0.0,1.0,0.0
3239,0.0,1.0,1.0,-1.0,0.0,0.0,0.0,1.0,0.0
3589,-0.3333333333333333,0.75,0.7142857142857143,-1.0,0.0,1.0,-0.6,0.0,-1.0
1597,-1.0,0.0,1.0,0.0,1.0,0.0,1.0,1.0,0.0
3600,0.0,1.0,0.0,-1.0,1.0,1.0,0.2,0.8,1.0
3677,0.0,1.0,0.0,-1.0,1.0,1.0,0.3333333333333333,1.0,0.0
3509,0.0,1.0,1.0,1.0,1.0,1.0,1.0,0.84,1.0
3113,-1.0,0.42857142857142855,0.5,0.0,1.0,1.0,0.0,0.7777777777777778,0.0
3560,-1.0,0.6666666666666666,-0.3333333333333333,-1.0,1.0,1.0,-0.3333333333333333,1.0,1.0
3559,-1.0,0.0,0.0,-1.0,1.0,1.0,-0.3333333333333333,0.2,0.0
376,-1.0,1.0,0.0,-1.0,1.0,0.0,-0.45454545454545453,1.0,0.0
247,0.0,1.0,0.0,-1.0,1.0,1.0,0.0,1.0,1.0
3632,0.0,1.0,0.7735849056603774,-0.3333333333333333,0.3333333333333333,1.0,-0.5,0.7333333333333333,-1.0
374,-1.0,0.0,1.0,-1.0,0.0,1.0,0.0,1.0,1.0
1900,0.0,1.0,1.0,0.0,1.0,1.0,-1.0,0.6666666666666666,0.0
1898,0.0,1.0,-0.25,-1.0,1.0,1.0,0.0,1.0,0.0
1901,0.0,0.0,0.5,1.0,1.0,1.0,-1.0,0.8823529411764706,0.0
3728,1.0,1.0,0.5510204081632653,-1.0,1.0,1.0,0.5,0.6666666666666666,1.0
436,-1.0,0.0,0.3333333333333333,-1.0,0.0,0.0,0.0,0.75,0.0
977,0.0,0.0,0.0,-1.0,1.0,0.0,1.0,0.0,0.0
1980,-1.0,0.0,1.0,-1.0,0.0,0.0,-0.5,0.5,0.0
980,1.0,0.0,0.0,1.0,1.0,0.0,0.0,1.0,0.0
2988,-0.6666666666666666,1.0,0.0,-1.0,1.0,1.0,-1.0,1.0,0.0
3610,1.0,0.0,0.29411764705882354,0.0,1.0,0.8,-0.3333333333333333,0.6666666666666666,0.6
2186,0.0,0.0,0.0,0.0,1.0,0.0,-1.0,1.0,0.0
3762,-1.0,0.9090909090909091,1.0,0.0,1.0,1.0,-0.29411764705882354,0.7894736842105263,-0.3333333333333333
219,-1.0,1.0,0.0,0.0,1.0,0.0,-0.6,-1.0,0.0
1730,-1.0,0.0,0.0,-1.0,1.0,0.0,-0.5384615384615384,1.0,0.0
1394,-1.0,1.0,-1.0,-1.0,1.0,0.6666666666666666,1.0,1.0,-1.0
2193,-1.0,1.0,1.0,0.0,0.0,1.0,-1.0,1.0,-1.0
3182,-1.0,1.0,-1.0,0.0,0.0,0.0,-1.0,1.0,1.0
3234,0.0,1.0,0.0,-1.0,1.0,0.0,-1.0,1.0,1.0
1789,-1.0,1.0,0.5,-1.0,1.0,1.0,0.2,0.9,0.0
3709,0.0,1.0,1.0,1.0,1.0,1.0,-1.0,0.8571428571428571,0.0
1934,-1.0,0.0,0.8461538461538461,0.0,1.0,1.0,0.8181818181818182,1.0,0.0
3749,-1.0,1.0,0.8181818181818182,0.0,1.0,1.0,0.0,0.0,1.0
3023,-1.0,0.0,1.0,1.0,0.0,0.0,-1.0,0.8181818181818182,0.0
384,-1.0,0.0,-1.0,-1.0,1.0,1.0,0.0,1.0,0.0
574,0.0,0.0,1.0,0.0,0.0,0.0,-1.0,1.0,0.0
573,0.0,1.0,1.0,0.0,0.0,1.0,-1.0,1.0,1.0
1438,0.0,1.0,-1.0,0.0,0.0,0.0,0.0,0.2,0.0
3201,0.0,1.0,0.0,-1.0,1.0,1.0,0.2,1.0,0.0
3566,0.0,1.0,0.6,0.0,1.0,1.0,0.2,1.0,0.0
1442,0.0,0.0,0.0,0.0,1.0,1.0,1.0,1.0,1.0
1731,-1.0,1.0,0.6,1.0,1.0,0.0,-1.0,0.5,0.0
1732,0.0,1.0,0.3333333333333333,0.0,0.0,1.0,-1.0,1.0,0.0
1913,-1.0,1.0,1.0,0.0,0.0,1.0,-0.6,0.6,1.0
3447,0.2,1.0,0.7777777777777778,-1.0,1.0,1.0,-1.0,0.6,1.0
3741,1.0,1.0,0.6585365853658537,-1.0,0.0,0.3333333333333333,0.0,0.875,1.0
1783,-0.3333333333333333,1.0,1.0,0.0,1.0,1.0,0.0,0.5,0.0
3619,0.0,0.875,0.6363636363636364,-0.3333333333333333,1.0,1.0,-1.0,1.0,-0.5
3724,0.0,1.0,1.0,-1.0,1.0,1.0,-0.3333333333333333,1.0,-0.3333333333333333
3758,0.0,1.0,1.0,0.0,1.0,1.0,0.0,0.8461538461538461,1.0
3375,0.0,1.0,0.0,1.0,0.0,1.0,-1.0,1.0,1.0
3915,0.0,0.0,0.0,0.0,0.0,0.0,0.0,1.0,0.0
3898,0.0,1.0,0.0,0.0,0.0,0.0,-0.3333333333333333,0.0,0.0
3347,-1.0,1.0,0.16666666666666666,-1.0,1.0,0.0,-0.875,1.0,-1.0
3504,0.0,1.0,0.2,1.0,1.0,-0.6,0.5,0.6666666666666666,0.0
1969,-0.8,1.0,1.0,1.0,-1.0,1.0,0.09090909090909091,0.3333333333333333,0.0
515,1.0,0.0,1.0,0.0,0.0,0.0,0.0,0.7777777777777778,1.0
579,-1.0,0.5,0.0,0.0,0.0,0.0,-1.0,0.0,-1.0
3205,0.0,1.0,0.7,-1.0,1.0,1.0,-0.7777777777777778,0.8461538461538461,1.0
457,0.0,0.0,0.0,-1.0,0.0,0.0,-0.3333333333333333,-1.0,0.0
1734,0.0,1.0,0.5555555555555556,1.0,1.0,1.0,-1.0,0.75,1.0
3036,-0.5,1.0,0.5652173913043478,-1.0,0.0,1.0,-1.0,0.5,1.0
3783,-1.0,1.0,0.2222222222222222,-1.0,0.3333333333333333,1.0,-1.0,0.7142857142857143,0.3333333333333333
3859,-1.0,1.0,1.0,0.0,1.0,1.0,-1.0,1.0,1.0
3867,1.0,1.0,0.5714285714285714,0.0,1.0,0.5,-1.0,0.7777777777777778,0.0
1846,-0.2,1.0,0.4117647058823529,-1.0,1.0,0.5,-0.8666666666666667,0.8181818181818182,-1.0
3373,-0.6666666666666666,1.0,0.0,0.14285714285714285,1.0,1.0,-1.0,0.3333333333333333,0.3333333333333333
377,0.0,0.0,0.0,0.0,0.0,0.0,0.5,-0.3333333333333333,0.0
3246,0.0,1.0,0.0,0.0,1.0,1.0,0.0,0.7142857142857143,-1.0
2207,0.0,0.8333333333333334,-0.3333333333333333,0.0,1.0,1.0,-0.2,1.0,-1.0
2192,0.3333333333333333,0.7647058823529411,1.0,-1.0,0.6,1.0,-0.30434782608695654,0.84,0.0
3179,-0.5,1.0,1.0,0.0,1.0,0.8,-0.7037037037037037,0.75,1.0
440,0.0,1.0,1.0,0.0,1.0,1.0,0.0,1.0,0.0
439,0.0,0.0,1.0,-1.0,0.0,0.0,-1.0,-0.3333333333333333,0.0
450,0.0,0.0,0.0,0.0,0.0,0.0,-1.0,-1.0,0.0
447,0.0,0.0,0.0,0.0,0.0,0.0,1.0,-1.0,0.0
449,0.0,1.0,0.0,0.0,0.0,0.0,0.0,1.0,0.0
448,0.0,1.0,0.0,0.0,0.0,0.0,-1.0,0.5,-1.0
3116,0.0,0.0,0.0,0.0,1.0,1.0,-0.3333333333333333,0.75,0.0
3693,-1.0,-1.0,1.0,0.0,1.0,0.0,-1.0,0.7777777777777778,0.0
1420,-1.0,1.0,0.0,0.0,1.0,0.0,1.0,1.0,0.0
1422,-1.0,0.0,0.0,0.0,1.0,0.0,-0.5,0.6,0.0
1424,-1.0,0.0,0.0,0.0,0.0,0.0,-1.0,0.3333333333333333,0.0
1425,1.0,0.0,0.0,0.0,1.0,0.0,1.0,0.0,0.0
1426,0.0,0.0,0.0,0.0,0.0,0.0,0.0,1.0,0.0
3732,-1.0,0.0,0.0,-1.0,0.0,1.0,-1.0,0.5,1.0
1940,-1.0,1.0,0.0,0.0,1.0,0.0,0.0,1.0,0.0
1941,0.0,1.0,0.0,1.0,1.0,0.0,0.0,1.0,1.0
1942,-1.0,0.0,0.0,0.0,0.0,1.0,1.0,1.0,1.0
1943,-1.0,1.0,0.0,-1.0,0.0,1.0,1.0,0.6666666666666666,0.0
1945,-1.0,1.0,0.0,-1.0,0.0,1.0,0.3333333333333333,0.3333333333333333,0.0
799,1.0,1.0,-0.3333333333333333,-1.0,0.0,1.0,-1.0,0.3333333333333333,0.0
797,-0.3333333333333333,0.6,0.0,-1.0,1.0,1.0,0.2,1.0,0.0
3808,-1.0,1.0,1.0,0.0,1.0,1.0,0.75,1.0,-1.0
3780,0.3333333333333333,1.0,0.38461538461538464,-1.0,0.0,0.8,0.2,1.0,-1.0
3777,0.0,1.0,1.0,-0.3333333333333333,0.0,0.5,0.0,1.0,1.0
3776,-0.3333333333333333,1.0,0.25,-1.0,1.0,1.0,0.75,1.0,0.0
1338,0.0,1.0,0.0,0.0,0.0,1.0,-1.0,1.0,0.0
1252,-1.0,0.0,0.0,-1.0,0.0,0.0,-1.0,1.0,0.0
1314,0.0,1.0,0.0,0.0,0.0,0.0,0.0,0.0,1.0
3668,0.0,1.0,0.6,-1.0,1.0,1.0,0.3333333333333333,0.8823529411764706,0.0
3204,0.0,1.0,0.5,0.0,0.0,0.3333333333333333,-0.6,1.0,0.0
3550,-1.0,0.0,-0.3333333333333333,0.3333333333333333,1.0,0.0,0.0,0.42857142857142855,0.0
3849,-0.5,1.0,0.7,0.0,1.0,0.6363636363636364,-1.0,0.6363636363636364,1.0
3911,0.0,0.0,0.0,0.0,0.0,0.0,0.0,0.0,0.0
3812,1.0,1.0,0.3333333333333333,-1.0,1.0,0.5,0.42857142857142855,1.0,1.0
1250,0.0,1.0,0.0,0.0,0.0,0.0,-1.0,0.0,0.0
1961,-1.0,0.0,0.0,0.0,1.0,0.0,-1.0,1.0,1.0
3450,0.0,0.0,-0.14285714285714285,0.0,0.0,1.0,-1.0,0.3333333333333333,0.0
3451,-1.0,0.0,0.0,0.0,1.0,1.0,-0.3333333333333333,1.0,0.0
3544,0.0,1.0,0.8333333333333334,-0.6,1.0,1.0,-0.07692307692307693,0.8823529411764706,0.0
3557,1.0,0.0,-1.0,0.0,1.0,-1.0,-0.5,0.4666666666666667,0.0
556,0.0,0.0,0.0,0.0,0.0,0.0,-1.0,-1.0,0.0
3513,0.0,1.0,-1.0,-1.0,-1.0,0.0,-1.0,0.7777777777777778,-1.0
3718,0.0,1.0,-1.0,0.0,0.0,0.0,0.0,1.0,0.0
3187,0.2,1.0,0.8181818181818182,1.0,0.0,0.5,-1.0,1.0,0.0
3506,0.0,0.5,0.8823529411764706,-1.0,1.0,0.7777777777777778,-1.0,0.9130434782608695,1.0
386,-1.0,1.0,1.0,-1.0,0.0,0.0,-1.0,0.2,-1.0
3143,1.0,1.0,0.5,0.0,1.0,1.0,-0.7777777777777778,0.8666666666666667,-1.0
1910,0.0,1.0,1.0,1.0,1.0,0.0,0.2857142857142857,1.0,-1.0
3304,0.0,0.0,0.0,0.0,0.0,1.0,-1.0,1.0,0.0
1316,-0.6,0.0,0.0,0.0,1.0,0.0,-1.0,-0.1111111111111111,-1.0
1507,-1.0,-1.0,1.0,0.0,1.0,1.0,-0.8333333333333334,0.6666666666666666,0.0
3350,-1.0,1.0,0.23076923076923078,1.0,1.0,0.0,-0.42857142857142855,1.0,-1.0
1312,0.0,0.0,0.5,0.0,0.0,0.0,-0.5,0.3333333333333333,-1.0
191,0.0,1.0,0.75,0.0,-1.0,0.0,-1.0,1.0,1.0
3824,0.3333333333333333,0.0,0.0,-1.0,0.0,0.0,-1.0,0.0,0.0
2125,0.0,1.0,-1.0,-1.0,1.0,1.0,0.0,1.0,0.0
3588,0.0,0.7777777777777778,0.8461538461538461,-1.0,0.0,1.0,0.6666666666666666,0.6666666666666666,1.0
3283,0.0,1.0,0.0,0.0,0.0,1.0,-1.0,1.0,0.0
3823,-1.0,0.0,1.0,1.0,0.0,1.0,1.0,1.0,0.0
3869,0.0,0.0,0.0,0.0,1.0,0.0,0.0,-0.09090909090909091,0.0
3878,0.0,1.0,0.0,0.0,1.0,1.0,0.6,1.0,0.0
3422,-1.0,-1.0,-1.0,0.0,0.0,1.0,0.0,1.0,0.0
3397,0.0,1.0,0.2,-1.0,1.0,0.0,0.0,0.5,0.0
3398,1.0,1.0,0.1111111111111111,-1.0,1.0,1.0,-1.0,0.5,0.0
3421,-1.0,1.0,1.0,0.0,1.0,1.0,0.0,1.0,1.0
381,-1.0,1.0,0.3333333333333333,-1.0,1.0,1.0,0.6,1.0,-1.0
3866,1.0,1.0,1.0,-1.0,1.0,1.0,0.3333333333333333,0.6666666666666666,0.0
438,1.0,0.0,1.0,-1.0,1.0,1.0,-1.0,0.42857142857142855,1.0
3417,0.0,0.0,0.5,0.0,0.5,0.0,0.3333333333333333,1.0,0.0
3852,0.0,1.0,0.0,0.0,1.0,1.0,-0.5,0.6,-1.0
3821,0.0,0.0,0.0,0.0,1.0,0.0,0.0,1.0,0.0
3854,0.0,0.0,-1.0,-1.0,0.0,0.0,-1.0,1.0,1.0
3790,-1.0,0.6,1.0,0.0,0.0,1.0,0.5555555555555556,1.0,1.0
3830,0.0,1.0,1.0,-0.5,0.0,1.0,0.0,0.0,0.0
3864,0.0,1.0,0.7777777777777778,0.0,0.0,1.0,0.5,1.0,0.0
3899,0.0,1.0,-1.0,-1.0,0.0,0.0,0.0,0.0,0.0
3913,1.0,1.0,1.0,0.0,0.0,1.0,1.0,0.0,0.0
3077,-1.0,1.0,1.0,0.0,0.0,1.0,-1.0,0.6,0.0
524,-1.0,1.0,0.6363636363636364,0.0,1.0,1.0,-0.8181818181818182,0.8571428571428571,0.0
3558,1.0,1.0,1.0,-1.0,1.0,1.0,-0.3333333333333333,0.5,1.0
3616,-1.0,0.0,-1.0,0.0,0.0,0.0,0.0,1.0,1.0
3853,0.0,0.0,1.0,0.0,0.0,0.0,-1.0,1.0,0.0
3880,0.0,0.0,1.0,0.0,0.0,0.0,-1.0,0.0,0.0
187,-1.0,1.0,0.0,-1.0,1.0,1.0,-1.0,1.0,0.0
2203,-1.0,0.0,0.3333333333333333,0.0,1.0,1.0,-1.0,1.0,-1.0
1776,0.0,1.0,1.0,0.0,1.0,1.0,-0.5,0.6666666666666666,1.0
1775,-1.0,1.0,1.0,0.0,1.0,0.3333333333333333,-0.3333333333333333,1.0,0.3333333333333333
3018,-1.0,1.0,1.0,0.0,0.0,1.0,-1.0,1.0,0.0
2156,-1.0,1.0,1.0,0.0,1.0,0.0,-0.3333333333333333,0.0,0.0
939,-1.0,1.0,-1.0,0.0,0.0,0.3333333333333333,-0.14285714285714285,1.0,1.0
3618,-1.0,1.0,1.0,0.0,0.0,0.0,0.0,0.6363636363636364,0.0
3720,0.0,1.0,1.0,0.0,0.0,0.6,-1.0,0.5,0.0
3747,0.0,0.0,0.3333333333333333,-1.0,1.0,1.0,0.0,0.6666666666666666,0.0
1821,-1.0,0.0,0.6,1.0,1.0,0.0,-1.0,1.0,0.0
3843,0.0,1.0,0.0,0.0,1.0,0.0,0.0,0.6666666666666666,0.0
3833,-1.0,1.0,0.2,0.0,1.0,0.45454545454545453,-0.7777777777777778,1.0,-1.0
385,0.0,0.0,0.0,-1.0,0.0,0.0,-1.0,0.3333333333333333,0.0
1823,-1.0,1.0,0.4444444444444444,0.0,1.0,0.0,-0.42857142857142855,0.6,0.0
380,-1.0,1.0,0.5,0.0,1.0,1.0,0.2,1.0,1.0
3774,0.0,1.0,-0.3333333333333333,1.0,1.0,0.0,-0.6,1.0,0.0
127,0.0,1.0,1.0,0.0,1.0,0.0,-1.0,0.42857142857142855,0.0
411,-1.0,0.0,0.0,0.0,0.0,0.0,-1.0,0.42857142857142855,0.0
800,1.0,1.0,0.2727272727272727,0.0,1.0,1.0,-0.6,0.8,1.0
3084,-1.0,1.0,0.0,-1.0,0.0,1.0,0.5,1.0,0.0
2084,-1.0,1.0,1.0,-1.0,1.0,1.0,1.0,0.5,1.0
1887,1.0,1.0,0.0,0.0,0.0,1.0,-1.0,1.0,1.0
3729,-1.0,1.0,0.0,-1.0,-1.0,0.0,0.0,1.0,0.0
69,-1.0,1.0,-1.0,0.0,1.0,1.0,0.6,1.0,0.0
3908,0.0,0.0,1.0,0.0,0.0,1.0,0.0,1.0,0.0
269,-0.75,1.0,1.0,-1.0,1.0,1.0,0.1111111111111111,0.6666666666666666,-1.0
1974,-1.0,1.0,-1.0,1.0,1.0,1.0,0.14285714285714285,0.6666666666666666,1.0
3487,1.0,1.0,1.0,0.0,1.0,0.0,-0.6,1.0,1.0
130,0.0,1.0,0.0,0.0,0.0,0.0,-1.0,0.6666666666666666,-1.0
3892,0.0,1.0,0.8333333333333334,0.0,0.0,1.0,1.0,1.0,0.0
1755,-1.0,1.0,0.2,-1.0,0.0,1.0,-1.0,0.0,0.0
1602,0.0,1.0,1.0,0.0,0.0,1.0,-1.0,0.6666666666666666,0.0
3675,-1.0,1.0,1.0,0.0,0.0,1.0,-1.0,1.0,0.0
243,0.0,1.0,1.0,-1.0,1.0,0.0,0.6666666666666666,1.0,1.0
1899,-1.0,1.0,0.3333333333333333,0.0,1.0,1.0,0.14285714285714285,0.5,0.0
1298,-1.0,0.0,-1.0,-1.0,0.0,1.0,-1.0,1.0,0.0
1296,0.0,1.0,0.0,0.0,1.0,0.0,-1.0,1.0,0.0
3203,0.0,-1.0,1.0,0.0,0.0,1.0,0.0,0.6666666666666666,0.0
3637,-1.0,1.0,1.0,-1.0,1.0,1.0,1.0,1.0,1.0
3064,-1.0,0.0,0.0,0.0,0.0,0.0,-1.0,-1.0,-1.0
3839,0.0,0.0,0.0,0.0,0.0,0.0,0.0,0.5,0.0
575,-1.0,0.0,0.0,0.0,0.0,1.0,-1.0,1.0,0.0
1930,-1.0,1.0,0.25,-1.0,1.0,0.0,-1.0,0.0,-1.0
3890,0.0,1.0,0.0,0.0,0.0,0.0,-1.0,1.0,1.0
667,0.0,1.0,1.0,0.0,0.0,1.0,0.3333333333333333,1.0,0.0
2133,-1.0,1.0,-0.3333333333333333,0.0,0.0,1.0,-1.0,1.0,0.0
1822,-1.0,0.0,1.0,0.0,0.0,0.0,-0.5,0.5,0.0
3886,0.0,1.0,1.0,0.0,1.0,1.0,-1.0,1.0,1.0
3702,0.0,1.0,0.0,-1.0,0.0,0.0,-1.0,-1.0,-1.0
3676,0.0,0.0,-0.3333333333333333,-1.0,0.0,1.0,0.0,0.0,0.0
134,-1.0,1.0,1.0,-0.3333333333333333,1.0,0.0,-1.0,0.0,0.0
578,-1.0,1.0,0.0,0.0,0.0,1.0,0.5,1.0,0.0
3736,1.0,1.0,1.0,0.0,0.0,1.0,0.0,1.0,1.0
3701,-1.0,0.6,0.0,-1.0,0.0,1.0,0.0,0.0,0.0
3700,0.0,1.0,0.3333333333333333,0.0,1.0,1.0,0.0,1.0,0.0
3788,1.0,1.0,1.0,0.0,0.0,1.0,1.0,1.0,1.0
3924,0.0,0.0,0.0,0.0,0.0,0.0,-1.0,1.0,0.0
3860,1.0,1.0,0.6,0.0,1.0,1.0,0.5,0.5555555555555556,1.0
3841,0.0,0.0,1.0,0.0,0.0,0.0,-1.0,1.0,0.0
3912,0.0,0.0,1.0,0.0,0.0,0.0,1.0,0.0,0.0
3893,1.0,1.0,0.0,0.0,0.0,0.0,0.0,0.0,1.0
3889,0.0,1.0,1.0,0.0,0.0,1.0,-1.0,1.0,0.0
3921,0.0,1.0,1.0,0.0,0.0,0.0,0.0,1.0,0.0
3887,0.0,0.0,1.0,0.0,0.0,0.0,0.0,1.0,0.0
3931,0.0,0.0,0.0,0.0,0.0,0.0,-1.0,0.0,0.0
